type,s1_id,target_id,s1_name,target_name,s1_address,target_address,country,reason
FALSE_NEGATIVE,S1-385608858,S3-393804899,Janashakti (India) Square Private Limited,Mr janashaktiindiasquare.com,"105, Mangalmurti Sapphire, Nr Omkar School, 90 Ft Rd, Kalyan, Thane, Maharashtra","Mangalmurti Sapphire, Nr Omkar School, 90 Ft Rd, 105, Kalyan, MH, Thane",India,Blocking Failure (not in candidate pool)
FALSE_NEGATIVE,S1-385608858,S2-635808285,Janashakti (India) Square Private Limited,Shri Janashakti Square Private Limited Services #68886,"105, Mangalmurti Sapphire, Nr Omkar School, 90 Ft Rd, Kalyan, Thane, Maharashtra","105-, MANGALMURTI SAPPHIRE, NR OMKAR SCHOOL, 90 FT RD, KALYAN, महाराष्ट्र",India,Blocking Failure (not in candidate pool)
FALSE_NEGATIVE,S1-231519650,S2-504051668,Sai Care Private Limited,साई केयर प्राइवेट लिमिटेड,"Flat Number 2B, 1St Floor, Shrinivas Apartment, Survey Number 1202/29, Plot Number 567/2B/3, Apte Road, Near Santosh Bakery, Haveli, Pune, Maharashtra","FLAT NUMBER B3/2B, 1ST FLOOR, SHRINIVAS APARTMENT, SURVEY NUMBER 1202/29, PLOT NUMBER 567/2B/3, APTE ROAD, NEAR SANTOSH BAKERY, PUNE REGION, HAVELI, Maharashtra",India,Blocking Failure (not in candidate pool)
FALSE_NEGATIVE,S1-231519650,S3-286238001,Sai Care Private Limited,Sai,"Flat Number 2B, 1St Floor, Shrinivas Apartment, Survey Number 1202/29, Plot Number 567/2B/3, Apte Road, Near Santosh Bakery, Haveli, Pune, Maharashtra","Flat Number 2B, 1St Floor, Shrinivas Apartment, Survey Number 1202/29, Plot Number 567/2B/3, Apte Road, Near Santosh Bakery, Haveli, Pune, Maharashtra",India,Blocking Failure (not in candidate pool)
FALSE_NEGATIVE,S1-686913759,S2-584238851,Behavioral Health Clinic,BEHAVIORALHEALTHCLINIC.COM,"2493 Pennwood Court, Round Lake Beach, IL","2493 PENNWOOD CT, ROUND LAKE BEACH, IL",US,Blocking Failure (not in candidate pool)
FALSE_NEGATIVE,S1-849274176,S2-34421487,Aarvita Biosciences Private Limited,Jaxrizagild,"No.41, Ponnambalam Salai, K.K.Nagar, Chennai, Tamil Nadu","41, CHENNAI CITY REGION, தமிழ்நாடு",India,Classifier Failure (probability < 0.80)
FALSE_NEGATIVE,S1-986414977,S2-510349301,Jai Finance Private Limited,जय फाइनेंस प्राइवेट लिमिटेड,"Prop No. 169 & 170, Upper Ground Floor Pocket-20, Sec-24, Rohini, Delhi, North West, Delhi","DELHI, UPPER GROUND FLOOR POCKET-20, SEC-24, ROHINI, <NULL>, PROP NO. 169 & 170, Delhi",India,Blocking Failure (not in candidate pool)
FALSE_NEGATIVE,S1-520706871,S2-413724070,Shyam Agro Pvt Ltd,श्याम एग्रो प्रा. लि.,"Sco No-19 Sec-56, Gurugram, Gurgaon, Haryana","PLOT 555 SCO NO-19 SEC-56, GURGAON, Haryana",India,Blocking Failure (not in candidate pool)
FALSE_NEGATIVE,S1-520706871,S2-905169888,Shyam Agro Pvt Ltd,श्याम एग्रो प्रा. लि.,"Sco No-19 Sec-56, Gurugram, Gurgaon, Haryana","GURGAON, Haryana, PLOT 555 SCO NO-19 SEC-56, GURUGRAM, GURGAON",India,Blocking Failure (not in candidate pool)
FALSE_NEGATIVE,S1-327804795,S3-836465899,YML Five Pvt Ltd,ymlfive.com,"D.No. 23/1490, Flat No.8, Deekshita Towers, Behind Pavani Prestige Apartment, Magunt, A Layout, Nellore, Andhra Pradesh","G-23/1490, Flat No.8, Deekshita Towers, Behind Pavani Prestige Apartment, Magunt, A Layout, Nellore, ఆంధ్రప్రదేశ్",India,Blocking Failure (not in candidate pool)
FALSE_NEGATIVE,S1-424050882,S3-37198119,Ram Foods LLP,Ram LLP Service Service,"Haryana, Cabin No.1, 2Nd Floor, Sector 16, Panchkula, Sco No. 18, Panchkula","Sco No. 18, Panchkula, HR",India,Classifier Failure (probability < 0.80)
FALSE_NEGATIVE,S1-574308285,S3-875723263,Atlantic Coalition,Atlantic  Center,"104 Noel Cove Circle, Nashville, TN","Noel Cove Cir, Hermitage, Tennessee",US,Classifier Failure (probability < 0.80)
FALSE_NEGATIVE,S1-615095658,S2-662014263,Tiify LLC,TIFY LLC,"2468 Eagle Forest Drive, St Charles, MO","2468 EAGLE FOREST DR, ST CHARLES, MO",US,Blocking Failure (not in candidate pool)
FALSE_NEGATIVE,S1-295437535,S3-651788103,Kerala (India) Granites Limited,Keralaindiagranites.Com,"Medak, Telangana, Shivajinagar, Siddipet, 8-2-67/1/A/3/1","Andhra Pradesh, Medak, 8-2-67/1/A/3/1, Siddipet",India,Blocking Failure (not in candidate pool)
FALSE_NEGATIVE,S1-944869323,S3-334869431,First Industries Pvt Ltd,ફર્સ્ટ ઇન્ડસ્ટ્રીઝ પ્રા. લિ.,"B No.7, Gulmahor Greens, Ls No. 683/684 Paikee, Ahmedabad, Gujarat","B No.7, Ahmadabad, Ahmedabad, GJ",India,Blocking Failure (not in candidate pool)
FALSE_NEGATIVE,S1-944869323,S2-276440490,First Industries Pvt Ltd,ફર્સ્ટ ઇન્ડસ્ટ્રીઝ પ્રા. લિ.,"B No.7, Gulmahor Greens, Ls No. 683/684 Paikee, Ahmedabad, Gujarat","B NO.7, GULMAHOR GREENS, LS NO. 683/684 PAIKEE, AHMEDABAD, Gujarat",India,Blocking Failure (not in candidate pool)
FALSE_NEGATIVE,S1-453313801,S2-522655618,Jay Media,జై మీడియా,"9-4-84/44, Kakatiya Nagar, Nanal Nagar, Golconda, Hyderabad, Telangana","09-4-84/44, GOLCONDA, HYDERABAD, తెలంగాణ",India,Blocking Failure (not in candidate pool)
FALSE_NEGATIVE,S1-453313801,S2-985471600,Jay Media,jaymedia.com,"9-4-84/44, Kakatiya Nagar, Nanal Nagar, Golconda, Hyderabad, Telangana","09-4-84/44, KAKATIYA NAGAR, NANAL NAGAR, GOLCONDA, Telangana",India,Blocking Failure (not in candidate pool)
FALSE_NEGATIVE,S1-536705186,S3-652164990,Sidhsilver Wind Pvt Ltd,Shri Sidhsilver  Wind Pvt Ltd,"18/452, Uppinakath, Koduvally, Kozhikode, Kerala","Door No 410 18/452, Uppinakath, Koduvally, Kozhikode, KL",India,Blocking Failure (not in candidate pool)
FALSE_NEGATIVE,S1-685871904,S3-740323634,Gonzalez Keycorp LLC,Gonzalez LLC Center Enterprises,"314 Cornell Avenue, Endicott, NY",,US,Classifier Failure (probability < 0.80)
FALSE_NEGATIVE,S1-953545521,S3-451217093,5-Legged Dog,5Loed Dog,"6521 91st Place, Lubbock, TX","6521 91th Pl, Lubbock, Texas",US,Classifier Failure (probability < 0.80)
FALSE_NEGATIVE,S1-953545521,S2-178012926,5-Legged Dog,5leggeddogcom,"6521 91st Place, Lubbock, TX","6521D 91ST PLACE, LUBBOCK, TX",US,Blocking Failure (not in candidate pool)
FALSE_NEGATIVE,S1-32868848,S3-47483283,Interstate Atlas LLC,The Interstate At1as LLC,"Unit 8207, GA, 600 Garson Drive, Atlanta","00 Garson Dr, # 8207, Atl, Georgia",US,Blocking Failure (not in candidate pool)
FALSE_NEGATIVE,S1-32868848,S2-158294062,Interstate Atlas LLC,ínterstateatlas.com,"Unit 8207, GA, 600 Garson Drive, Atlanta","ATLANTA, GA, 00600 GARSON DR",US,Blocking Failure (not in candidate pool)
FALSE_NEGATIVE,S1-879043765,S3-698994457,Avantika Solar Private Limited,M/s Avantika Solar  Private Limited,"43, Anand Deep Building City Centre, Gwalior, Madhya Pradesh","Door No 330 43, Gwalior, MP",India,Blocking Failure (not in candidate pool)
FALSE_NEGATIVE,S1-136601270,S2-254817327,Jai Trading Private Limited,ജയ് ട്രേഡിംഗ് പ്രൈവറ്റ് ലിമിറ്റഡ്,"13/259D, Ss Building, Near Kerafed, Muthambiroad, Quilandy, Kozhikode, Kerala","13/259D., QUILANDY, KOZHIKODE, Kerala",India,Blocking Failure (not in candidate pool)
FALSE_NEGATIVE,S1-136601270,S3-449970897,Jai Trading Private Limited,ജയ് ട്രേഡിംഗ് പ്രൈവറ്റ് ലിമിറ്റഡ്,"13/259D, Ss Building, Near Kerafed, Muthambiroad, Quilandy, Kozhikode, Kerala","13/259D, Ss Building, Near Kerafed, Muthambiroad, Quilandy, Kozhikode, KL",India,Blocking Failure (not in candidate pool)
FALSE_NEGATIVE,S1-551473015,S3-772633035,Prerna Products Private Limited,Prernaproducts.Com,"Kazhayickal House West Kodiyathoor, Po Kodiyathoor, Kozhikode, Kerala","Kazhayickal House West Kodiyathoor, Po Kodiyathoor, Kozhikode, KL",India,Blocking Failure (not in candidate pool)
FALSE_NEGATIVE,S1-906428444,S3-129054940,Oncology Medicine Inc,oncologymedicine.com,"711 9th Street, Etowah, TN","711 Ninth Street, Etwah, Tennessee",US,Blocking Failure (not in candidate pool)
FALSE_NEGATIVE,S1-957102563,S3-368033022,Vadodara Industries Pvt Ltd,vadodaraindustries.com,"5Th Floor, E/504-A, Lalita Tower Jetalpur Road, Vadodara, Gujarat","Door No #5Th Floor, E/504-a, Lalita Tower Jetalpur Road, Baroda, Vadodara, ગુજરાત",India,Blocking Failure (not in candidate pool)
FALSE_NEGATIVE,S1-221292843,S3-992425258,International Builders Private Limited,इंटरनेशनल बिल्डर्स प्राइवेट लिमिटेड,"A-203, Vikas Tower, Pvr Complex, Vikas Puri, New Delhi, Delhi","A-a-203, Vikas Puri, New Delhi, DL",India,Blocking Failure (not in candidate pool)
FALSE_NEGATIVE,S1-185103270,S2-929660238,Tag (India) Developwell Limited,Shri Tag (India) Developwell,"No 16/A, Bangalore, Bangalore North, 2Nd Floor, Kkmp Building, Millers Tank Bund Road, Vasanthnagar, Karnataka","NO 0016/A , 2ND FLOOR, KKMP BUILDING, MILLERS TANK BUND ROAD, VASANTHNAGAR, BANGALORE NORTH, ಕರ್ನಾಟಕ",India,Blocking Failure (not in candidate pool)
FALSE_NEGATIVE,S1-989976700,S3-279440303,Rowland and Porter Inc,Rowland and Porter Ínc,"715 8th Avenue, Stillwater, OK","0715 Eighth Ave, Stillwatr, Oklahoma",US,Classifier Failure (probability < 0.80)
FALSE_NEGATIVE,S1-574271583,S2-567264163,Thakkar Beauty Private Limited,Private Thakkar Beauty Limited,"C/O Dr.(Mrs) Mina Sinha, Flat No-401, 4Th Floor, Vijayshree Complex, Kankarbagh, Sampatchak, Patna, Bihar","Bihar, SAMPATCHAK, PATNA, C/O DR.(MRS) MINA SINHA",India,Blocking Failure (not in candidate pool)
FALSE_NEGATIVE,S1-803840711,S3-615435748,Cozy Pub!,Cozypub.Com,"TX, Kyle, 136 Fall Creek Drive","136- Fall Creek Drive, KLE CITY, Texas",US,Blocking Failure (not in candidate pool)
FALSE_NEGATIVE,S1-803840711,S2-959565091,Cozy Pub!,cozypub.com,"TX, Kyle, 136 Fall Creek Drive","136 FALL CREEK DRIVE, KYLE, TX",US,Blocking Failure (not in candidate pool)
FALSE_NEGATIVE,S1-472705054,S3-83481918,Vision Industries Private Limited,ਵਿਜ਼ਨ ਇੰਡਸਟ੍ਰੀਜ਼ ਪ੍ਰਾਈਵੇਟ ਲਿਮਟਿਡ,"Fazilka Road, Village Ghubaya Teh. Jalalabad, Jalalabad, Firozpur, Punjab","Fazilka Road, Village Ghubaya Teh. Jalalabad, Jalalabad, Firozpur, PB",India,Blocking Failure (not in candidate pool)
FALSE_NEGATIVE,S1-472705054,S2-689767721,Vision Industries Private Limited,ਵਿਜ਼ਨ ਇੰਡਸਟ੍ਰੀਜ਼ ਪ੍ਰਾਈਵੇਟ ਲਿਮਟਿਡ,"Fazilka Road, Village Ghubaya Teh. Jalalabad, Jalalabad, Firozpur, Punjab","FAZILKA ROAD, VILLAGE GHUBAYA TEH. JALALABAD, JALALABAD, FIROZPUR, Punjab",India,Blocking Failure (not in candidate pool)
FALSE_NEGATIVE,S1-100435874,S2-549987988,Steimel Capital Churchill,steimelcapitalchurchill.com,"210 N Fork Drive, Moscow, TN","MOSCWO, TN, N FORK DRIVE",US,Blocking Failure (not in candidate pool)
FALSE_NEGATIVE,S1-3118239,S3-966155454,Silver Products Private Limited,ಸಿಲ್ವರ್ ಪ್ರೊಡಕ್ಟ್ಸ್ ಪ್ರೈವೇಟ್ ಲಿಮಿಟೆಡ್,"19/1 New High School Road, Vv Puram, Bangalore South, Bangalore, Karnataka","Bangalore South, 19/1 New High School Road, KA, Vv Puram, Bangalore",India,Blocking Failure (not in candidate pool)
FALSE_NEGATIVE,S1-3118239,S2-184568209,Silver Products Private Limited,ಸಿಲ್ವರ್ ಪ್ರೊಡಕ್ಟ್ಸ್ ಪ್ರೈವೇಟ್ ಲಿಮಿಟೆಡ್,"19/1 New High School Road, Vv Puram, Bangalore South, Bangalore, Karnataka","NO 19/1 NEW HIGH SCHOOL ROAD, VV PURAM, BANGALORE SOUTH, HYDERABAD, ಕರ್ನಾಟಕ",India,Blocking Failure (not in candidate pool)
FALSE_NEGATIVE,S1-3118239,S3-94426820,Silver Products Private Limited,ಸಿಲ್ವರ್ ಪ್ರೊಡಕ್ಟ್ಸ್ ಪ್ರೈವೇಟ್ ಲಿಮಿಟೆಡ್,"19/1 New High School Road, Vv Puram, Bangalore South, Bangalore, Karnataka","19/1 New High School Road, Bangalore South, Bangalore, ಕರ್ನಾಟಕ",India,Blocking Failure (not in candidate pool)
FALSE_NEGATIVE,S1-3118239,S2-384807569,Silver Products Private Limited,ಸಿಲ್ವರ್ ಪ್ರೊಡಕ್ಟ್ಸ್ ಪ್ರೈವೇಟ್ ಲಿಮಿಟೆಡ್,"19/1 New High School Road, Vv Puram, Bangalore South, Bangalore, Karnataka","NO 19/1 NEW HGH SCHOOL ROAD, VV PURAM, BANGALORE SOUTH, HYDERABAD, Karnataka",India,Blocking Failure (not in candidate pool)
FALSE_NEGATIVE,S1-486855159,S3-751404504,Certified Bright Fuel LLC,Onyxquo,"417 California Street, Shoshoni, WY","417 California St, Shoshoni, Wyoming",US,Blocking Failure (not in candidate pool)
FALSE_NEGATIVE,S1-482014426,S2-40943466,Genius Brothers Pvt Ltd,geniusbrotherscom,"2Nd Floor, Plot No. 4, Minarch Tower, Sector-44, Haryana, Sector -45, Gurgaon, Haryana","2ND FLOOR, PLOT NO. 4, MINARCH TOWER, SECTOR-44, HARYANA, SECTOR -45, Haryana",India,Blocking Failure (not in candidate pool)
FALSE_NEGATIVE,S1-147296014,S3-29869365,Eastern Coastal Spruce PC,easterncoastalspruce.com,"2623 Kansas Avenue, Woodward, OK","Kansas Ave, Woodward, Oklahoma",US,Blocking Failure (not in candidate pool)
FALSE_NEGATIVE,S1-299746071,S3-89805260,Prime Paceline LP,primepaceline.com,"Fergus Falls, 1224 Lake St, MN","224 Lake St, Fergus Falls, Minnesota",US,Blocking Failure (not in candidate pool)
FALSE_NEGATIVE,S1-534329905,S3-835781194,Prime Consulting LLP,प्राइम कंसल्टिंग एलएलपी,"36 Sneh Nagar, Narmada Chamber, Indore, Madhya Pradesh","36 Sneh Nagar, Narmada Chamber, Indore, MP",India,Blocking Failure (not in candidate pool)
FALSE_NEGATIVE,S1-534329905,S3-27718561,Prime Consulting LLP,प्राइम कंसल्टिंग एलएलपी,"36 Sneh Nagar, Narmada Chamber, Indore, Madhya Pradesh","#36 Sneh Nagar, Indore, MP",India,Blocking Failure (not in candidate pool)
FALSE_NEGATIVE,S1-534329905,S2-665427984,Prime Consulting LLP,प्राइम कंसल्टिंग LLP,"36 Sneh Nagar, Narmada Chamber, Indore, Madhya Pradesh","H.NO #36 SNEH NAGAR, INDORE, Madhya Pradesh",India,Blocking Failure (not in candidate pool)
FALSE_NEGATIVE,S1-534329905,S2-915479416,Prime Consulting LLP,प्राइम कंसल्टिंग एलएलपी,"36 Sneh Nagar, Narmada Chamber, Indore, Madhya Pradesh","#36 SNEH NAGAR, INDORE, Madhya Pradesh",India,Blocking Failure (not in candidate pool)
FALSE_NEGATIVE,S1-311470256,S3-79511769,Bureau of Sanitation Inc.,The Bureau of Sanitation Inc. (ID: 42798),"7980 Wagonseller Road, Green Valley, IL","7980b Wagonseller Rd, Green Valley, Illinois",US,Blocking Failure (not in candidate pool)
FALSE_NEGATIVE,S1-660909577,S2-367610025,Oncology Physicians of Gorham Corp,oncologyphysiciansgorham.com,"3662 364, Gorham, NY","3662 364, GORHAM, NY",US,Blocking Failure (not in candidate pool)
FALSE_NEGATIVE,S1-660909577,S3-49358837,Oncology Physicians of Gorham Corp,Oncologyphysiciansgorham.Com,"3662 364, Gorham, NY","03662 364, PMB 181, Gorham, New York",US,Blocking Failure (not in candidate pool)
FALSE_NEGATIVE,S1-817863581,S2-282874881,Swastik Estate LLP,स्वस्तिक एस्टेट एलएलपी,"D-127/4 Sangam Vihar, Delhi, New Delhi, Delhi","D-00127/4 SANGAM VIHAR, NEW DELHI, DELHI",India,Blocking Failure (not in candidate pool)
FALSE_NEGATIVE,S1-610149670,S3-339503285,QFM Med Private Limited,QFM Med Private,"K-12, Shop-20, Second Floor Arcade, Malviya Marg, C-Scheme, Jaipur, Rajasthan","RJ, Jaipur, #6-23 K-12",India,Classifier Failure (probability < 0.80)
FALSE_NEGATIVE,S1-576496637,S3-850207408,Royal Industries Private Limited,रॉयल इंडस्ट्रीज प्राइवेट लिमिटेड,"Chandra Bhusan Pandey, Dharampur Bandey Via- Shahpur Patori, Samastipur, Bihar","Chandra Bhusan Pandey, Dharampur Bandey Via- Shahpur Patori, Samastipur, BR",India,Blocking Failure (not in candidate pool)
FALSE_NEGATIVE,S1-576496637,S2-759236253,Royal Industries Private Limited,रॉयल इंडस्ट्रीज प्राइवेट लिमिटेड,"Chandra Bhusan Pandey, Dharampur Bandey Via- Shahpur Patori, Samastipur, Bihar","CHANDRA BHUSAN PANDEY, DHARAMPUR BANDEY VIA- SHAHPUR PATORI, बिहार, SAMASTIPUR",India,Blocking Failure (not in candidate pool)
FALSE_NEGATIVE,S1-336753892,S2-928281443,Royal Ventures Private Limited,रॉयल वेंचर्स प्राइवेट लिमिटेड,"Flat No. 202, Maharshi Atharva Apartment, Plot. No. 14, Shankar Nagar, Nagpur, Maharashtra","NAGPUR, महाराष्ट्र, FLAT NO. G-202, NAGPUR",India,Blocking Failure (not in candidate pool)
FALSE_NEGATIVE,S1-629424568,S3-882228578,Prime Media Pvt Ltd,प्राइम मीडिया प्रा. लि.,"1Stfloor Plot No-34Kh No-22/1 Prem Nagar Kashmiri Colony Z-Block Vetesta Enclave, Najafgarh, South West Delhi, Delhi","#1Stfloor- Plot No-34kh No-22/1 Prem Nagar Kashmiri Colony Z-block Vetesta Enclave, Najafgarh, South West Delhi, DL",India,Blocking Failure (not in candidate pool)
FALSE_NEGATIVE,S1-629424568,S3-773795060,Prime Media Pvt Ltd,प्राइम मीडिया प्रा. लि.,"1Stfloor Plot No-34Kh No-22/1 Prem Nagar Kashmiri Colony Z-Block Vetesta Enclave, Najafgarh, South West Delhi, Delhi","#1Stfloor- Plot No-34kh No-22/1 Prem Nagar Kashmiri Colony Z-block Vetesta Enclave, Najafgarh, South West Delhi, DL",India,Blocking Failure (not in candidate pool)
FALSE_NEGATIVE,S1-862024840,S3-187313683,South Estate Private Limited,साउथ एस्टेट प्राइवेट लिमिटेड,"12, Gali No-16, Vijay Colony, Burari, New Delhi, Delhi","12/2, Gali No-16, Vijay Colony, Burari, New Delhi, DL",India,Blocking Failure (not in candidate pool)
FALSE_NEGATIVE,S1-862024840,S2-74265858,South Estate Private Limited,साउथ एस्टेट प्राइवेट लिमिटेड,"12, Gali No-16, Vijay Colony, Burari, New Delhi, Delhi","12, GALI NO-16, VIJAY COLONY, BURARI, NEW DELHI, Delhi",India,Blocking Failure (not in candidate pool)
FALSE_NEGATIVE,S1-709219556,S2-249846802,Sakshi Sai Private Limited,sakshisai.com,"Pranavamchuzhikattu House, Km 4/109/5, Vythiri, Wayanad, Kerala","PRANAVAMCHUZHIKATTU HOUSE, KM 4/109/5, VYTHIRI, Keralam",India,Blocking Failure (not in candidate pool)
FALSE_NEGATIVE,S1-180353640,S3-415461067,Gold Media Private Limited,ગોલ્ડ મીડિયા પ્રાઇવેટ લિમિટેડ,"402 Golden Petal Opposite Lucky Duplex Survey No 517 1, Behind Sunrise Arcade Opposite Vishala Circle Juhapura Sarkhej Road, Ahmadabad City, Ahmedabad, Gujarat","H.no 402 Golden Petal Opposite Lucky Duplex Survey No 517 1, Ahmadabad City, Ahmedabad, ગુજરાત",India,Blocking Failure (not in candidate pool)
FALSE_NEGATIVE,S1-180353640,S3-375486976,Gold Media Private Limited,ગોલ્ડ મીડિયા પ્રાઇવેટ લિમિટેડ,"402 Golden Petal Opposite Lucky Duplex Survey No 517 1, Behind Sunrise Arcade Opposite Vishala Circle Juhapura Sarkhej Road, Ahmadabad City, Ahmedabad, Gujarat","H.no 402 Golden Petal Opposite Lucky Duplex Survey No 517 1, Ahmadabad City, Ahmedabad, GJ",India,Blocking Failure (not in candidate pool)
FALSE_NEGATIVE,S1-180353640,S2-532682866,Gold Media Private Limited,góldmedia.com,"402 Golden Petal Opposite Lucky Duplex Survey No 517 1, Behind Sunrise Arcade Opposite Vishala Circle Juhapura Sarkhej Road, Ahmadabad City, Ahmedabad, Gujarat","402 GOLDEN PETAL OPPOSITE LUCKY DUPLEX SURVEY NO 517 1, BEHIND SUNRISE ARCADE OPPOSITE VISHALA CIRCLE JUHAPURA SARKHEJ ROAD, AHMADABAD CITY, Gujarat",India,Blocking Failure (not in candidate pool)
FALSE_NEGATIVE,S1-180353640,S2-333591506,Gold Media Private Limited,ગોલ્ડ મીડિયા પ્રાઇવેટ લિમિટેડ,"402 Golden Petal Opposite Lucky Duplex Survey No 517 1, Behind Sunrise Arcade Opposite Vishala Circle Juhapura Sarkhej Road, Ahmadabad City, Ahmedabad, Gujarat","DOOR NO 402 GOLDEN PETAL OPPOSITE LUCKY DUPLEX SURVEY NO 517 1, AHMADABAD CITY, AHMEDABAD, Gujarat",India,Blocking Failure (not in candidate pool)
FALSE_NEGATIVE,S1-66645690,S3-108342955,Fight Trade (India) Private Limited,Cálomirabrix,"Gorakhpur, Vashundhara Complex, Gorakhpur, Uttar Pradesh, 2Nd Floor Near Sarwang Hospital, Betiahata","Vashundhara Complex, 2Nd Floor Near Sarwang Hospital, Betiahata, Gorakhpur, उत्तर प्रदेश",India,Blocking Failure (not in candidate pool)
FALSE_NEGATIVE,S1-66645690,S2-913604865,Fight Trade (India) Private Limited,Shri FIGHT TRADE (INDIA) PRIVATE LTD,"Gorakhpur, Vashundhara Complex, Gorakhpur, Uttar Pradesh, 2Nd Floor Near Sarwang Hospital, Betiahata","VASHUNDHARA COMPLEX, 2ND FLOOR NEAR SARWANG HOSPITAL, BETIAHATA, GORAKHPUR, Uttar Pradesh",India,Blocking Failure (not in candidate pool)
FALSE_NEGATIVE,S1-66645690,S2-513268507,Fight Trade (India) Private Limited,Mr Fight Tfrha (India) Private Limited,"Gorakhpur, Vashundhara Complex, Gorakhpur, Uttar Pradesh, 2Nd Floor Near Sarwang Hospital, Betiahata","VASHUNDHARA COMPLEX, 2ND FLOOR NEAR SARWANG HOSPITAL, BETIAHATA, GORAKHPUR, Uttar Pradesh",India,Blocking Failure (not in candidate pool)
FALSE_NEGATIVE,S1-66645690,S3-569531124,Fight Trade (India) Private Limited,Smt Fight Trade (India)-Peae Limited,"Gorakhpur, Vashundhara Complex, Gorakhpur, Uttar Pradesh, 2Nd Floor Near Sarwang Hospital, Betiahata","Vashundhara Complex, 2Nd Floor Near Sarwang Hospital, Betiahata, Gorakhpur, उत्तर प्रदेश",India,Blocking Failure (not in candidate pool)
FALSE_NEGATIVE,S1-450152295,S3-470561200,Gopal Yatra (India) Private Limited,Wexsol Formerly Gopal Yatra (India) Private Limited,"New Nakasha Lashkari Bagh Near Masjeed, Nagpur, Maharashtra","Nagpur, Maharashtra, New Nakasha Lashkari Bagh Near Masjeed",India,Blocking Failure (not in candidate pool)
FALSE_NEGATIVE,S1-30038696,S3-281274446,Vijay Ss Construction Limited,ବିଜୟ ଏସ୍‌ଏସ୍ କନଷ୍ଟ୍ରକସନ୍ ଲିମିଟେଡ୍,"Flat No-D-107, Panda Residency, Bhubaneswar, Khordha, Orissa","Flat No-d-107, Panda Residency, Balakati, OD",India,Blocking Failure (not in candidate pool)
FALSE_NEGATIVE,S1-30038696,S2-789253940,Vijay Ss Construction Limited,ବିଜୟ ଏସ୍‌ଏସ୍ କନଷ୍ଟ୍ରକସନ୍ ଲିମିଟେଡ୍,"Flat No-D-107, Panda Residency, Bhubaneswar, Khordha, Orissa","PLOT 961 FLAT NO-D-107, PANDA RESIDENCY, BHUBANESWAR, KHORDHA, ଓଡ଼ିଶା",India,Blocking Failure (not in candidate pool)
FALSE_NEGATIVE,S1-496331216,S2-198865808,Shree Best Business Private Limited,श्री बेस्ट बिजनेस प्राइवेट लिमिटेड,"406, Manas Nagar Colony, Ankit Apartment, Lucknow, Uttar Pradesh","406, MANAS NAGAR COLONY, ANKIT APARTMENT, LUCKNOW, उत्तर प्रदेश",India,Blocking Failure (not in candidate pool)
FALSE_NEGATIVE,S1-507257254,S3-822600556,Galaxy Consultancy Limited,ಗ್ಯಾಲಕ್ಸಿ ಕನ್ಸಲ್ಟೆನ್ಸಿ ಲಿಮಿಟೆಡ್,"#270 10Th Main 2Nd Block Jayanagar, Bangalore, Karnataka","Door No 270 10Th Main 2Nd Block Jayanagar, Bangalore, KA",India,Blocking Failure (not in candidate pool)
FALSE_NEGATIVE,S1-507257254,S2-420623386,Galaxy Consultancy Limited,ಗ್ಯಾಲಕ್ಸಿ ಕನ್ಸಲ್ಟೆನ್ಸಿ ಲಿಮಿಟೆಡ್,"#270 10Th Main 2Nd Block Jayanagar, Bangalore, Karnataka","BENGALURU, #G-270 10TH MAIN 2ND BLOCK JAYANAGAR, BANGALORE, Karnataka",India,Blocking Failure (not in candidate pool)
FALSE_NEGATIVE,S1-779770033,S2-344418723,Champion & Brothers Private Limited,Dr CHAMPION-& BROTHERS PRIVATE LIMITED,"C/O Archana Kumari Ambesh, Kumar Singh A2/13 2Nd Fl, South Delhi, Delhi",,India,Blocking Failure (not in candidate pool)
FALSE_NEGATIVE,S1-328844051,S2-602059625,Jay Tech Private Limited,जय टेक प्राइवेट लिमिटेड,"Kh No- 18/6 1St Floor Street No 9, Blk-A 1, Amrit Vihar, Delhi, North Delhi, Delhi","KH NO- C-18/6 1ST FLOOR STREET NO 9, BLK-A 1, AMRIT VIHAR, DELHI, NORTH DELHI, दिल्ली",India,Blocking Failure (not in candidate pool)
FALSE_NEGATIVE,S1-162257554,S2-230516090,Bass & Brothers Center,bassbrotherscenter.com,"C/Omarkandey Shukla Jungl, Salikram Fatima Bypass Rd, Sadar, Gorakhpur, Uttar Pradesh","C/OMARKANDEY SHUKLA JUNGL, SALIKRAM FATIMA BYPASS RD, SADAR, Uttar Pradesh",India,Blocking Failure (not in candidate pool)
FALSE_NEGATIVE,S1-472424906,S3-869369045,Foot & Ankle Associates Inc,Footanklecom,"2407 Wood Avenue, Kansas City, KS","2407 Wrod Ave, Kansas City, Kansas",US,Blocking Failure (not in candidate pool)
FALSE_POSITIVE,S1-445868199,S2-774512583,Physical Therapy Group Inc,Physical  Therapy,"7311 Madison Commons Lane, Houston, TX",,US,High name/address similarity but different entity
FALSE_NEGATIVE,S1-445868199,S3-527067015,Physical Therapy Group Inc,Physicaltherapygroup.Com,"7311 Madison Commons Lane, Houston, TX","Texas, 7311 Madison Commons Lane, Houston",US,Blocking Failure (not in candidate pool)
FALSE_NEGATIVE,S1-266915010,S3-999559043,Dream It Limited,ड्रीम आईटी लिमिटेड,"Flat No. D-062, Park Heights, Dlf Park Place Phase-V, Gurgaon, Haryana","HR, Flat No. D-062, Rohtak, Dlf Park Place Phase-v",India,Blocking Failure (not in candidate pool)
FALSE_NEGATIVE,S1-423333394,S2-124089263,Urban Exports Pvt Ltd,அர்பன் எக்ஸ்போர்ட்ஸ் பிரைவேட் லிமிடெட்,"No 7 A, 7Th Floor, Gee Gee Emerald 151 Village Road Nungambakkam, Chennai, Tamil Nadu","#7 A, 7TH FLOOR, GEE GEE EMERALD 151 VILLAGE ROAD NUNGAMBAKKAM, MADRAS, CHENNAI, Tamil Nadu",India,Blocking Failure (not in candidate pool)
FALSE_NEGATIVE,S1-517951979,S3-668913289,Meeniya Rays Private Limited,meeniyarays.com,"Maharashtra, 109/110, Penkar Pada, Gupta Compound, Bhanji Udyog Nagar, Mira Road(E), Thane","Plot 889 109/110, Penkar Pada, Gupta Compound, Bhanji Udyog Nagar, Mira Road(e), Thane, MH",India,Blocking Failure (not in candidate pool)
FALSE_NEGATIVE,S1-658984896,S3-702254487,Royal & Co Private Limited,Limited Royal & Co Services,"2 & 3, Sterling Shopping Centre Opp. Himalaya Mall, Drive-In Road, Bodak, Dev, Ahmedabad, Gujarat","No 2 & 3, Sterling Shopping Centre Opp. Himalaya Mall, Drive-in Road, Bodak, Dev, Ahmedabad, GJ",India,Blocking Failure (not in candidate pool)
FALSE_NEGATIVE,S1-921549539,S3-483530074,Clover Olympus Sn-65/12/C Ghorpadi Sopan Baug Construction Private Limited,Nexvera,"Fl-21, Clover Olympus Sn-65/12/C Ghorpadi Sopan Baug, Pune, Maharashtra","Fl-21, Clover Olympus Sn-65/12/c Ghorpadi Sopan Baug, Pune, MH",India,Blocking Failure (not in candidate pool)
FALSE_NEGATIVE,S1-555242352,S2-810626996,Prime Media Pvt Ltd,प्राइम मीडिया प्रा. लि.,"C/O Ramesh Bhagchand Ginnare Dharampuri, Khandwa, Indore, Madhya Pradesh","C/O RAMESH BHAGCHNAD GINNARE DHARAMPURI, KHANDWA, INDORE, Madhya Pradesh",India,Blocking Failure (not in candidate pool)
FALSE_NEGATIVE,S1-555242352,S2-253027494,Prime Media Pvt Ltd,प्राइम मीडिया प्रा. लि.,"C/O Ramesh Bhagchand Ginnare Dharampuri, Khandwa, Indore, Madhya Pradesh","C/O RAMESH BHAGCHAND GINNARE DHARAMPURI, INDORE, KHANDWA, मध्य प्रदेश",India,Blocking Failure (not in candidate pool)
FALSE_NEGATIVE,S1-145361722,S2-120366543,Dick Regional Armada Corp,Dick Regional,"33466 Warwick Hills Road, Yucaipa, CA",,US,Classifier Failure (probability < 0.80)
FALSE_NEGATIVE,S1-595843047,S2-182431985,Red Hair Studio,Red Hair,"N8230 Wainer Drive, Town Of Trego, WI",,US,Classifier Failure (probability < 0.80)
FALSE_NEGATIVE,S1-973717755,S2-940499387,Ujjawal Institute of Technology,Ujjawa1  Institute of Center,"Sr No-45/1/1 Milkat No, 1043 Hole Wasti Undri, Pune City, Pune, Maharashtra",,India,Classifier Failure (probability < 0.80)
FALSE_NEGATIVE,S1-99560436,S2-161239005,Ear Nose & Throat Medicine LLC,earnosethroat.com,"703 Beacon Court, Montgomery Township, PA","BEACON CT, LANSDALE, PA",US,Classifier Failure (probability < 0.80)
FALSE_NEGATIVE,S1-99560436,S3-255448477,Ear Nose & Throat Medicine LLC,L.L.C. Ear Nose & Throat Medicine,"703 Beacon Court, Montgomery Township, PA","Pennsylvania, Montgomery Township, 70 Beacon Court",US,Blocking Failure (not in candidate pool)
FALSE_NEGATIVE,S1-706626109,S3-702628271,Prime Technical Ventures,#primetechnical,"3026 Mimosa Drive, Port Arthur, TX","3026-3028 Mimosa Drive, N/A, Port Arthur, Texas",US,Blocking Failure (not in candidate pool)
FALSE_NEGATIVE,S1-706626109,S2-104536229,Prime Technical Ventures,Vantagevantageavi,"3026 Mimosa Drive, Port Arthur, TX","3026 MIMOSA DR, PT ARTHUR, TX",US,Blocking Failure (not in candidate pool)
FALSE_NEGATIVE,S1-754201992,S3-562945328,Rediex LLC,Rmrnex LLC,"Cle Elum, WA, 380 Morning Dove Lane","00380 Morning Dove Ln, Cle Elum, Washington",US,Blocking Failure (not in candidate pool)
FALSE_NEGATIVE,S1-754201992,S3-307771908,Rediex LLC,LLC Rediex,"Cle Elum, WA, 380 Morning Dove Lane","00380 Morning Dove Ln, Cle Elum, Washington",US,Blocking Failure (not in candidate pool)
FALSE_NEGATIVE,S1-83647344,S3-248378176,New India Private Limited,Sri New India Private,"Fl 401, Telangana, Sri Niketan Abhinandana Aprt. Ayyappa Society, Nr.Cgr Int. Pl.250 251, Madhapur, Hyderabad, Rangareddy","Door No 240 Fl 401, Sri Niketan Abhinandana Aprt. Ayyappa Society, Nr.cgr Int. Pl.250 251, Madhapur, Rangareddy, Hyderabad, Andhra Pradesh",India,Blocking Failure (not in candidate pool)
FALSE_NEGATIVE,S1-83647344,S3-175231511,New India Private Limited,New Private Limited 5ervices,"Fl 401, Telangana, Sri Niketan Abhinandana Aprt. Ayyappa Society, Nr.Cgr Int. Pl.250 251, Madhapur, Hyderabad, Rangareddy",,India,Blocking Failure (not in candidate pool)
FALSE_NEGATIVE,S1-83647344,S3-383555916,New India Private Limited,@newindia,"Fl 401, Telangana, Sri Niketan Abhinandana Aprt. Ayyappa Society, Nr.Cgr Int. Pl.250 251, Madhapur, Hyderabad, Rangareddy","Rangareddy, #240 Fl 401, Hyderabad, Sri Niketan Abhinandana Aprt. Ayyappa Society, Nr.cgr Int. Pl.250 251, Madhapur, Andhra Pradesh",India,Blocking Failure (not in candidate pool)
FALSE_NEGATIVE,S1-83647344,S2-777713487,New India Private Limited,Shri New India  Private Ltd,"Fl 401, Telangana, Sri Niketan Abhinandana Aprt. Ayyappa Society, Nr.Cgr Int. Pl.250 251, Madhapur, Hyderabad, Rangareddy","FL 40, SRI NIKETAN ABHINANDANA APRT. AYYAPPA SOCIETY, NR.CGR INT. PL.250 251, MADHAPUR, HYDERABAD, తెలంగాణ",India,Blocking Failure (not in candidate pool)
FALSE_NEGATIVE,S1-205963340,S2-616502408,Secure Marketing Technologies LLC,technologiesmarketing.com,"982 Willman Pike, Hartford City, IN","HARTFORD CITY, WILLMAN PIKE, IN",US,Blocking Failure (not in candidate pool)
FALSE_NEGATIVE,S1-936762728,S3-753767840,Jai Construction Pvt Ltd,जय कंस्ट्रक्शन प्रा. लि.,"D 207 Lal Building Omicron 1 Greater Noida, Noida, Gautam Buddha Nagar, Uttar Pradesh","D 207 Lal Building Omicron 1 Greater Noida, Noida, Gr Nodia, UP",India,Blocking Failure (not in candidate pool)
FALSE_NEGATIVE,S1-936762728,S2-261521011,Jai Construction Pvt Ltd,जय कंस्ट्रक्शन प्रा. लि.,"D 207 Lal Building Omicron 1 Greater Noida, Noida, Gautam Buddha Nagar, Uttar Pradesh","D 207 LAL BUILDING OMICRON 1 GREATER NOIDA, NOIDA, GAUTAM BUDDHA NAGAR, Uttar Pradesh",India,Blocking Failure (not in candidate pool)
FALSE_NEGATIVE,S1-546177410,S2-648883949,Zelova LLC,ZELOVA L.L.C.,"22 Church Street, Unit 1, Boston, MA",,US,Blocking Failure (not in candidate pool)
FALSE_NEGATIVE,S1-546177410,S3-935513474,Zelova LLC,*** Zelova L.L.C.,"22 Church Street, Unit 1, Boston, MA","22 Church Street, Unit 1, Dorchester, Massachusetts",US,Blocking Failure (not in candidate pool)
FALSE_NEGATIVE,S1-546177410,S3-442260626,Zelova LLC,LLC Zelova,"22 Church Street, Unit 1, Boston, MA","22 Church Street, # 1, Boston, Massachusetts",US,Blocking Failure (not in candidate pool)
FALSE_POSITIVE,S1-448410374,S2-582984116,Wildlife Society Inc,Wildlife Sóciety,"610 Kingswood Lane, Simi Valley, CA",,US,High name/address similarity but different entity
FALSE_NEGATIVE,S1-602144510,S3-170921246,International Management Private Limited,इंटरनेशनल मैनेजमेंट प्राइवेट लिमिटेड,"C-93, G/F, Ring Road, Ndse-Ii, Delhi, New Delhi, Delhi","C-93, Delhi, New Delhi, DL",India,Blocking Failure (not in candidate pool)
FALSE_NEGATIVE,S1-602144510,S2-32696802,International Management Private Limited,इंटरनेशनल मैनेजमेंट प्राइवेट लिमिटेड,"C-93, G/F, Ring Road, Ndse-Ii, Delhi, New Delhi, Delhi","C-93, DELHI, NEW DELHI, Delhi",India,Blocking Failure (not in candidate pool)
FALSE_NEGATIVE,S1-602144510,S2-64000798,International Management Private Limited,इंटरनेशनल मैनेजमेंट प्राइवेट लिमिटेड,"C-93, G/F, Ring Road, Ndse-Ii, Delhi, New Delhi, Delhi","C-93, G/F, RING ROAD, NDSE-II, DELHI, NEW DELHI, Delhi",India,Blocking Failure (not in candidate pool)
FALSE_NEGATIVE,S1-668675379,S3-882190068,Farmer & Hendley Ocean,Farmer & Hendley Ocean Corp | www.farmerh.com,"7105 70th Avenue, Unit Bldg, Johnston, IA","Johnston, 7491 70rd Ave, Iowa",US,Classifier Failure (probability < 0.80)
FALSE_NEGATIVE,S1-292935703,S2-195749344,Cozy Grill,gcozy.com,"617 Fourth Street, Watseka, IL","617 FOURTH ST, WATSEKA, IL",US,Blocking Failure (not in candidate pool)
FALSE_NEGATIVE,S1-47773771,S3-514311755,Primary Care Specialists Inc.,Belocalo,"141-08 71 Road, Flushing, NY","141-08b 71 Road, Flushign, New York",US,Blocking Failure (not in candidate pool)
FALSE_NEGATIVE,S1-973731236,S3-804923215,Ziclarum LLC,Ziclarum L.L.C.,"4000 Archwood Avenue, Cleveland, OH","4000 Archwood Avenue, Cleveland, Ohio",US,Blocking Failure (not in candidate pool)
FALSE_NEGATIVE,S1-973731236,S3-223359212,Ziclarum LLC,Zcilaeum LLC,"4000 Archwood Avenue, Cleveland, OH","4000 Archwood Avenue, Cleveland, Ohio",US,Blocking Failure (not in candidate pool)
FALSE_NEGATIVE,S1-5533538,S2-106728038,Srk Traders Private Limited,5RK PRIVATE  LIMITED SERVICES,"Ff Kh No. 42, 43, 44, Vipin Garden Extn. Near Gali No. 34, Delhi, Plot No. G-1, West Delhi","NO 753 PLOT NO. G-1, FF KH NO. 42, 43, 44, VIPIN GARDEN EXTN. NEAR GALI NO. 34, DELHI, WEST DELHI, Delhi",India,Blocking Failure (not in candidate pool)
FALSE_NEGATIVE,S1-304029686,S2-948269515,"Whipple & Williams Acquisition, LLC",Whipple &  Williams,"16801 920, Poolville, TX",,US,Classifier Failure (probability < 0.80)
FALSE_NEGATIVE,S1-931804994,S2-185157905,Ace Engineering,एस इंजीनियरिंग,"509, A Wing, Sanjar Enclave, S.V.Road Kandivali West, Opp. Milap Cinema, Mumbai, Mumbai City, Maharashtra","509, A WING, SANJAR ENCLAVE, S.V.ROAD KANDIVALI WEST, OPP. MILAP CINEMA, MUMBAI, MUMBAI CITY, Maharashtra",India,Blocking Failure (not in candidate pool)
FALSE_NEGATIVE,S1-931804994,S3-535253805,Ace Engineering,एस इंजीनियरिंग,"509, A Wing, Sanjar Enclave, S.V.Road Kandivali West, Opp. Milap Cinema, Mumbai, Mumbai City, Maharashtra","##509, A Wing, Sanjar Enclave, S.v.road Kandivali West, Opp. Milap Cinema, Mumbai, Mumbai City, MH",India,Blocking Failure (not in candidate pool)
FALSE_NEGATIVE,S1-107644916,S3-171196518,Valley Project,The Valley Project,"801 Val Mar Drive, San Bernardino, CA","Val Mar Dr, SAN Beranrdino, California",US,Blocking Failure (not in candidate pool)
FALSE_NEGATIVE,S1-721706825,S3-158671290,Blue Dream International Limited,ब्लू ड्रीम इंटरनेशनल लिमिटेड,"Mig Ii No. 3/37, Jamunipur Colony, Bhadohi, Sant Ravi Das Nagar, Uttar Pradesh","Mig Ii No. 3/37, Bhadohi, UP",India,Blocking Failure (not in candidate pool)
FALSE_NEGATIVE,S1-721706825,S2-803204014,Blue Dream International Limited,ब्लू ड्रीम इंटरनेशनल लिमिटेड,"Mig Ii No. 3/37, Jamunipur Colony, Bhadohi, Sant Ravi Das Nagar, Uttar Pradesh","MIG II NO. 3/37, JAMUNIPUR COLONY, BHADOHI, SANT RAVI DAS NAGAR, उत्तर प्रदेश",India,Blocking Failure (not in candidate pool)
FALSE_NEGATIVE,S1-721706825,S2-115505642,Blue Dream International Limited,ब्लू ड्रीम इंटरनेशनल लिमिटेड,"Mig Ii No. 3/37, Jamunipur Colony, Bhadohi, Sant Ravi Das Nagar, Uttar Pradesh","MIG II NO. 3/37, JAMUNIPUR COLONY, BHADOHI, SANT RAVI DAS NAGAR, उत्तर प्रदेश",India,Blocking Failure (not in candidate pool)
FALSE_NEGATIVE,S1-153559765,S3-25113409,Rajpura India Private Limited,Rajpura India Prívate,"Rajpura, Jaipuria Sunrise Greens, Vip Road, Distt. Sas Nagar, Mohali, Punjab, N-404","N-404, Rajpura, Mohali, PB",India,Blocking Failure (not in candidate pool)
FALSE_NEGATIVE,S1-153559765,S3-760336227,Rajpura India Private Limited,Rajpura Limited Private India,"Rajpura, Jaipuria Sunrise Greens, Vip Road, Distt. Sas Nagar, Mohali, Punjab, N-404","N-404, Jaipuria Sunrise Greens, Vip Road, Distt. Sas Nagar, Rajpura, Mohali, ਪੰਜਾਬ",India,Blocking Failure (not in candidate pool)
FALSE_NEGATIVE,S1-144239108,S3-172928912,Mumbai Marketing Private Limited,Onyxcira,"Flat No.5, 2Nd Floor, Nalini Apartment, Plot No.347/A, Linking Road, Khar West, Mumbai, Mumbai City, Maharashtra","Flat No.5, 2Nd Floor, Nalini Apartment, Plot No.347/a, Linking Road, Khar West, Raigad, Mumbai City, MH",India,Blocking Failure (not in candidate pool)
FALSE_NEGATIVE,S1-144239108,S2-894769041,Mumbai Marketing Private Limited,Mumbai Makteing Private [Limited],"Flat No.5, 2Nd Floor, Nalini Apartment, Plot No.347/A, Linking Road, Khar West, Mumbai, Mumbai City, Maharashtra","H.NO 5- , 2ND FLOOR, NALINI APARTMENT, PLOT NO.347/A, LINKING ROAD, KHAR WEST, MUMBAI, Maharashtra",India,Blocking Failure (not in candidate pool)
FALSE_NEGATIVE,S1-787758125,S2-955863783,South Crystal Aria Inc.,South Aria Inc. Center,"34 Shagwong Drive, Brookhaven, NY",,US,Classifier Failure (probability < 0.80)
FALSE_NEGATIVE,S1-433937014,S3-261083720,Palao Inc.,Palao lnc.,"4040 1-17, Momence, IL","4040 1-17, Momennce, Illinois",US,Blocking Failure (not in candidate pool)
FALSE_NEGATIVE,S1-559249977,S3-314527984,My Investment Private Limited,माय इन्वेस्टमेंट प्राइवेट लिमिटेड,"C/O Mayank Anilkumar Sing, Chinchani District Thane, Palghar, Thane, Maharashtra","MH, Palghar, Thane, C/o Mayank Anilkumar Sing, Chinchani District Thane",India,Blocking Failure (not in candidate pool)
FALSE_NEGATIVE,S1-140026915,S2-636873183,Dynamic Impex Private Limited,ডায়নামিক ইম্পেক্স প্রাইভেট লিমিটেড,"West Bengal, Kolkata, Howrah, Hemant Basu Sarani, 2Nd Floor, Room No. 230, 21","21, HEMANT BASU SARANI, 2ND FLOOR, ROOM NO. 230, KOLKATTA, HOWRAH, West Bengal",India,Blocking Failure (not in candidate pool)
FALSE_NEGATIVE,S1-140026915,S2-260030079,Dynamic Impex Private Limited,ডায়নামিক ইম্পেক্স প্রাইভেট লিমিটেড,"West Bengal, Kolkata, Howrah, Hemant Basu Sarani, 2Nd Floor, Room No. 230, 21","HEMANT BASU SARANI, 2ND FLOOR, ROOM NO. 230, HOWRAH, KOLKATTA, 21, পশ্চিমবঙ্গ",India,Blocking Failure (not in candidate pool)
